seq,dut_ts,arrival_time,payload_len,raw_len,arrival_epoch
0,57414,2025-12-20T00:31:10.025129+00:00,16,20,1766190670.025102
